No.;Products;Ratings;Reviews;Prices
0;Soft Pinch Tinted Lip Oil;4.8 ;527;$20
1;Soft Pinch Liquid Blush;4.8 ;2680;$23
2;Positive Light Liquid Luminizer;4.8 ;808;$25
3;Warm Wishes Effortless Bronzer Stick;4.9 ;810;$26
4;Positive Light Tinted Moisturizer Broad Spectrum SPF 20 Sunscreen;4.8 ;808;$30
5;Positive Light Silky Touch Highlighter;4.8 ;410;$25
6;Positive Light Under Eye Brightener;4.8 ;282;$24
7;Kind Words Matte Lip Liner;4.9 ;269;$15
8;Always an Optimist 4-In-1 Mist;4.9 ;671;$27
9;Soft Pinch Tinted Lip Oil;4.8 ;527;$20
10;Soft Pinch Liquid Blush;4.8 ;2680;$23
11;Positive Light Liquid Luminizer;4.8 ;808;$25
12;Warm Wishes Effortless Bronzer Stick;4.9 ;810;$26
13;Positive Light Tinted Moisturizer Broad Spectrum SPF 20 Sunscreen;4.8 ;808;$30
14;Positive Light Silky Touch Highlighter;4.8 ;410;$25
15;Positive Light Under Eye Brightener;4.8 ;282;$24
16;Kind Words Matte Lip Liner;4.9 ;269;$15
17;Always an Optimist 4-In-1 Mist;4.9 ;671;$27
18;Soft Pinch Tinted Lip Oil;4.8 ;527;$20
19;Soft Pinch Liquid Blush;4.8 ;2680;$23
20;Positive Light Liquid Luminizer;4.8 ;808;$25
21;Warm Wishes Effortless Bronzer Stick;4.9 ;810;$26
22;Positive Light Tinted Moisturizer Broad Spectrum SPF 20 Sunscreen;4.8 ;808;$30
23;Positive Light Silky Touch Highlighter;4.8 ;410;$25
24;Positive Light Under Eye Brightener;4.8 ;282;$24
25;Kind Words Matte Lip Liner;4.9 ;269;$15
26;Always an Optimist 4-In-1 Mist;4.9 ;671;$27
27;Soft Pinch Tinted Lip Oil;4.8 ;527;$20
28;Soft Pinch Liquid Blush;4.8 ;2680;$23
29;Positive Light Liquid Luminizer;4.8 ;808;$25
30;Warm Wishes Effortless Bronzer Stick;4.9 ;810;$26
31;Positive Light Tinted Moisturizer Broad Spectrum SPF 20 Sunscreen;4.8 ;808;$30
32;Positive Light Silky Touch Highlighter;4.8 ;410;$25
33;Positive Light Under Eye Brightener;4.8 ;282;$24
34;Kind Words Matte Lip Liner;4.9 ;269;$15
35;Always an Optimist 4-In-1 Mist;4.9 ;671;$27
36;Soft Pinch Tinted Lip Oil;4.8 ;527;$20
37;Soft Pinch Liquid Blush;4.8 ;2680;$23
38;Positive Light Liquid Luminizer;4.8 ;808;$25
39;Warm Wishes Effortless Bronzer Stick;4.9 ;810;$26
40;Positive Light Tinted Moisturizer Broad Spectrum SPF 20 Sunscreen;4.8 ;808;$30
41;Positive Light Silky Touch Highlighter;4.8 ;410;$25
42;Positive Light Under Eye Brightener;4.8 ;282;$24
43;Kind Words Matte Lip Liner;4.9 ;269;$15
44;Always an Optimist 4-In-1 Mist;4.9 ;671;$27
45;Soft Pinch Tinted Lip Oil;4.8 ;527;$20
46;Soft Pinch Liquid Blush;4.8 ;2680;$23
47;Positive Light Liquid Luminizer;4.8 ;808;$25
48;Warm Wishes Effortless Bronzer Stick;4.9 ;810;$26
49;Positive Light Tinted Moisturizer Broad Spectrum SPF 20 Sunscreen;4.8 ;808;$30
50;Positive Light Silky Touch Highlighter;4.8 ;410;$25
51;Positive Light Under Eye Brightener;4.8 ;282;$24
52;Kind Words Matte Lip Liner;4.9 ;269;$15
53;Always an Optimist 4-In-1 Mist;4.9 ;671;$27
54;Soft Pinch Tinted Lip Oil;4.8 ;527;$20
55;Soft Pinch Liquid Blush;4.8 ;2680;$23
56;Positive Light Liquid Luminizer;4.8 ;808;$25
57;Warm Wishes Effortless Bronzer Stick;4.9 ;810;$26
58;Positive Light Tinted Moisturizer Broad Spectrum SPF 20 Sunscreen;4.8 ;808;$30
59;Positive Light Silky Touch Highlighter;4.8 ;410;$25
60;Positive Light Under Eye Brightener;4.8 ;282;$24
61;Kind Words Matte Lip Liner;4.9 ;269;$15
62;Always an Optimist 4-In-1 Mist;4.9 ;671;$27
63;Soft Pinch Tinted Lip Oil;4.8 ;527;$20
64;Soft Pinch Liquid Blush;4.8 ;2680;$23
65;Positive Light Liquid Luminizer;4.8 ;808;$25
66;Warm Wishes Effortless Bronzer Stick;4.9 ;810;$26
67;Positive Light Tinted Moisturizer Broad Spectrum SPF 20 Sunscreen;4.8 ;808;$30
68;Positive Light Silky Touch Highlighter;4.8 ;410;$25
69;Positive Light Under Eye Brightener;4.8 ;282;$24
70;Kind Words Matte Lip Liner;4.9 ;269;$15
71;Always an Optimist 4-In-1 Mist;4.9 ;671;$27
